{
  "Environment": {
    "Variables": {
      "SHOPIFY_API_SECRET": "REDACTED_SECRET",
      "SHOP_DOMAIN": "xpvznx-9w.myshopify.com",
      "SHOPIFY_ACCESS_TOKEN": "REDACTED_TOKEN",
      "WEBHOOK_SHARED_SECRET": "REDACTED_SECRET",
      "DDB_TABLE": "mk_auth",
      "SUBSCRIBERS_TABLE": "stj_subscribers",
      "OPENAI_SECRET_NAME": "CHATGPT_API_KEY",
      "OPENAI_SECRET_KEY": "CHATGPT_API_KEY",
      "WATI_API_TOKEN": "REDACTED_TOKEN",
      "APP_BASE_URL": "https://app.screentimejourney.com",
      "TOKEN_TTL_SECONDS": "120"
    }
  }
}