{"statusCode": 200, "headers": {"Content-Type": "application/json", "Access-Control-Allow-Origin": "*", "Access-Control-Allow-Headers": "Content-Type,Authorization", "Access-Control-Allow-Methods": "GET,POST,PUT,DELETE,OPTIONS"}, "body": "{\"success\": true, \"leaderboard\": [{\"customer_id\": \"8885250982135\", \"name\": \"theking\", \"gender\": \"male\", \"country_code\": \"\", \"days_in_focus\": 0, \"current_level\": {\"title\": \"Ground Zero\", \"emoji\": \"\\ud83e\\udea8\", \"level\": 0}, \"progress_percentage\": 0, \"devices_count\": 1, \"join_date\": \"2025-08-21T22:21:24.479477\", \"score\": 0, \"rank\": 1}], \"pagination\": {\"page\": 1, \"page_size\": 10, \"total_entries\": 1, \"has_more\": false}}"}